<?xml version="1.0"?>
<doc>
    <assembly>
        <name>NetCabManager.Server</name>
    </assembly>
    <members>
        <member name="T:NetCabManager.Server.Controllers.BaseApiController`1">
            <summary>
            Abstract BaseApi Controller Class
            </summary>
        </member>
        <member name="M:NetCabManager.Server.Controllers.Communication.ChatsController.GetChatHistoryAsync(System.String)">
            <summary>
            Get user wise chat history
            </summary>
            <param name="contactId"></param>
            <returns>Status 200 OK</returns>
        </member>
        <member name="M:NetCabManager.Server.Controllers.Communication.ChatsController.GetChatUsersAsync">
            <summary>
            get available users
            </summary>
            <returns>Status 200 OK</returns>
        </member>
        <member name="M:NetCabManager.Server.Controllers.Communication.ChatsController.SaveMessageAsync(NetCabManager.Application.Models.Chat.ChatHistory{NetCabManager.Application.Interfaces.Chat.IChatUser})">
            <summary>
            Save Chat Message
            </summary>
            <param name="message"></param>
            <returns>Status 200 OK</returns>
        </member>
        <member name="M:NetCabManager.Server.Controllers.Identity.AccountController.UpdateProfile(NetCabManager.Application.Requests.Identity.UpdateProfileRequest)">
            <summary>
            Update Profile
            </summary>
            <param name="model"></param>
            <returns>Status 200 OK</returns>
        </member>
        <member name="M:NetCabManager.Server.Controllers.Identity.AccountController.ChangePassword(NetCabManager.Application.Requests.Identity.ChangePasswordRequest)">
            <summary>
            Change Password
            </summary>
            <param name="model"></param>
            <returns>Status 200 OK</returns>
        </member>
        <member name="M:NetCabManager.Server.Controllers.Identity.AccountController.GetProfilePictureAsync(System.String)">
            <summary>
            Get Profile picture by Id
            </summary>
            <param name="userId"></param>
            <returns>Status 200 OK </returns>
        </member>
        <member name="M:NetCabManager.Server.Controllers.Identity.AccountController.UpdateProfilePictureAsync(NetCabManager.Application.Requests.Identity.UpdateProfilePictureRequest)">
            <summary>
            Update Profile Picture
            </summary>
            <param name="request"></param>
            <returns>Status 200 OK</returns>
        </member>
        <member name="M:NetCabManager.Server.Controllers.Identity.TokenController.Get(NetCabManager.Application.Requests.Identity.TokenRequest)">
            <summary>
            Get Token (Email, Password)
            </summary>
            <param name="model"></param>
            <returns>Status 200 OK</returns>
        </member>
        <member name="M:NetCabManager.Server.Controllers.Identity.TokenController.Refresh(NetCabManager.Application.Requests.Identity.RefreshTokenRequest)">
            <summary>
            Refresh Token
            </summary>
            <param name="model"></param>
            <returns>Status 200 OK</returns>
        </member>
        <member name="M:NetCabManager.Server.Controllers.Identity.UserController.GetAll">
            <summary>
            Get Users Details
            </summary>
            <returns>Status 200 OK</returns>
        </member>
        <member name="M:NetCabManager.Server.Controllers.Identity.UserController.GetById(System.String)">
            <summary>
            Get User By Id
            </summary>
            <param name="id"></param>
            <returns>Status 200 OK</returns>
        </member>
        <member name="M:NetCabManager.Server.Controllers.Identity.UserController.GetRolesAsync(System.String)">
            <summary>
            Get User Roles By Id
            </summary>
            <param name="id"></param>
            <returns>Status 200 OK</returns>
        </member>
        <member name="M:NetCabManager.Server.Controllers.Identity.UserController.UpdateRolesAsync(NetCabManager.Application.Requests.Identity.UpdateUserRolesRequest)">
            <summary>
            Update Roles for User
            </summary>
            <param name="request"></param>
            <returns>Status 200 OK</returns>
        </member>
        <member name="M:NetCabManager.Server.Controllers.Identity.UserController.RegisterAsync(NetCabManager.Application.Requests.Identity.RegisterRequest)">
            <summary>
            Register a User
            </summary>
            <param name="request"></param>
            <returns>Status 200 OK</returns>
        </member>
        <member name="M:NetCabManager.Server.Controllers.Identity.UserController.ConfirmEmailAsync(System.String,System.String)">
            <summary>
            Confirm Email
            </summary>
            <param name="userId"></param>
            <param name="code"></param>
            <returns>Status 200 OK</returns>
        </member>
        <member name="M:NetCabManager.Server.Controllers.Identity.UserController.ToggleUserStatusAsync(NetCabManager.Application.Requests.Identity.ToggleUserStatusRequest)">
            <summary>
            Toggle User Status (Activate and Deactivate)
            </summary>
            <param name="request"></param>
            <returns>Status 200 OK</returns>
        </member>
        <member name="M:NetCabManager.Server.Controllers.Identity.UserController.ForgotPasswordAsync(NetCabManager.Application.Requests.Identity.ForgotPasswordRequest)">
            <summary>
            Forgot Password
            </summary>
            <param name="request"></param>
            <returns>Status 200 OK</returns>
        </member>
        <member name="M:NetCabManager.Server.Controllers.Identity.UserController.ResetPasswordAsync(NetCabManager.Application.Requests.Identity.ResetPasswordRequest)">
            <summary>
            Reset Password
            </summary>
            <param name="request"></param>
            <returns>Status 200 OK</returns>
        </member>
        <member name="M:NetCabManager.Server.Controllers.Identity.UserController.Export(System.String)">
            <summary>
            Export to Excel
            </summary>
            <param name="searchString"></param>
            <returns>Status 200 OK</returns>
        </member>
        <member name="M:NetCabManager.Server.Controllers.RoleClaimController.GetAll">
            <summary>
            Get All Role Claims(e.g. Product Create Permission)
            </summary>
            <returns>Status 200 OK</returns>
        </member>
        <member name="M:NetCabManager.Server.Controllers.RoleClaimController.GetAllByRoleId(System.String)">
            <summary>
            Get All Role Claims By Id
            </summary>
            <param name="roleId"></param>
            <returns>Status 200 OK</returns>
        </member>
        <member name="M:NetCabManager.Server.Controllers.RoleClaimController.Post(NetCabManager.Application.Requests.Identity.RoleClaimRequest)">
            <summary>
            Add a Role Claim
            </summary>
            <param name="request"></param>
            <returns>Status 200 OK </returns>
        </member>
        <member name="M:NetCabManager.Server.Controllers.RoleClaimController.Delete(System.Int32)">
            <summary>
            Delete a Role Claim
            </summary>
            <param name="id"></param>
            <returns>Status 200 OK</returns>
        </member>
        <member name="M:NetCabManager.Server.Controllers.RoleController.GetAll">
            <summary>
            Get All Roles (basic, admin etc.)
            </summary>
            <returns>Status 200 OK</returns>
        </member>
        <member name="M:NetCabManager.Server.Controllers.RoleController.Post(NetCabManager.Application.Requests.Identity.RoleRequest)">
            <summary>
            Add a Role
            </summary>
            <param name="request"></param>
            <returns>Status 200 OK</returns>
        </member>
        <member name="M:NetCabManager.Server.Controllers.RoleController.Delete(System.String)">
            <summary>
            Delete a Role
            </summary>
            <param name="id"></param>
            <returns>Status 200 OK</returns>
        </member>
        <member name="M:NetCabManager.Server.Controllers.RoleController.GetPermissionsByRoleId(System.String)">
            <summary>
            Get Permissions By Role Id
            </summary>
            <param name="roleId"></param>
            <returns>Status 200 Ok</returns>
        </member>
        <member name="M:NetCabManager.Server.Controllers.RoleController.Update(NetCabManager.Application.Requests.Identity.PermissionRequest)">
            <summary>
            Edit a Role Claim
            </summary>
            <param name="model"></param>
            <returns></returns>
        </member>
        <member name="M:NetCabManager.Server.Controllers.Utilities.AuditsController.GetUserTrailsAsync">
            <summary>
            Get Current User Audit Trails
            </summary>
            <returns>Status 200 OK</returns>
        </member>
        <member name="M:NetCabManager.Server.Controllers.Utilities.AuditsController.ExportExcel(System.String,System.Boolean,System.Boolean)">
            <summary>
            Search Audit Trails and Export to Excel
            </summary>
            <param name="searchString"></param>
            <param name="searchInOldValues"></param>
            <param name="searchInNewValues"></param>
            <returns>Status 200 OK</returns>
        </member>
        <member name="T:NetCabManager.Server.Controllers.Utilities.ExtendedAttributes.Base.ExtendedAttributesController`4">
            <summary>
            Abstract Extended Attributes Controller Class
            </summary>
        </member>
        <member name="M:NetCabManager.Server.Controllers.Utilities.ExtendedAttributes.Base.ExtendedAttributesController`4.GetAll">
            <summary>
            Get All Entity Extended Attributes
            </summary>
            <returns>Status 200 OK</returns>
        </member>
        <member name="M:NetCabManager.Server.Controllers.Utilities.ExtendedAttributes.Base.ExtendedAttributesController`4.GetAllByEntityId(`1)">
            <summary>
            Get All Entity Extended Attributes by entity id
            </summary>
            <param name="entityId"></param>
            <returns>Status 200 OK</returns>
        </member>
        <member name="M:NetCabManager.Server.Controllers.Utilities.ExtendedAttributes.Base.ExtendedAttributesController`4.GetById(`0)">
            <summary>
            Get Entity Extended Attribute By Id
            </summary>
            <param name="id"></param>
            <returns>Status 200 Ok</returns>
        </member>
        <member name="M:NetCabManager.Server.Controllers.Utilities.ExtendedAttributes.Base.ExtendedAttributesController`4.Post(NetCabManager.Application.Features.ExtendedAttributes.Commands.AddEdit.AddEditExtendedAttributeCommand{`0,`1,`2,`3})">
            <summary>
            Create/Update a Entity Extended Attribute
            </summary>
            <param name="command"></param>
            <returns>Status 200 OK</returns>
        </member>
        <member name="M:NetCabManager.Server.Controllers.Utilities.ExtendedAttributes.Base.ExtendedAttributesController`4.Delete(`0)">
            <summary>
            Delete a Entity Extended Attribute
            </summary>
            <param name="id"></param>
            <returns>Status 200 OK</returns>
        </member>
        <member name="M:NetCabManager.Server.Controllers.Utilities.ExtendedAttributes.Base.ExtendedAttributesController`4.Export(System.String,`1,System.Boolean,System.Boolean,System.String)">
            <summary>
            Search Entity Extended Attribute and Export to Excel
            </summary>
            <param name="searchString"></param>
            <param name="entityId"></param>
            <param name="includeEntity"></param>
            <param name="onlyCurrentGroup"></param>
            <param name="currentGroup"></param>
            <returns></returns>
        </member>
        <member name="M:NetCabManager.Server.Controllers.Utilities.Misc.DocumentsController.GetAll(System.Int32,System.Int32,System.String)">
            <summary>
            Get All Documents
            </summary>
            <param name="pageNumber"></param>
            <param name="pageSize"></param>
            <param name="searchString"></param>
            <returns>Status 200 OK</returns>
        </member>
        <member name="M:NetCabManager.Server.Controllers.Utilities.Misc.DocumentsController.GetById(System.Int32)">
            <summary>
            Get Document By Id
            </summary>
            <param name="id"></param>
            <returns>Status 200 Ok</returns>
        </member>
        <member name="M:NetCabManager.Server.Controllers.Utilities.Misc.DocumentsController.Post(NetCabManager.Application.Features.Documents.Commands.AddEdit.AddEditDocumentCommand)">
            <summary>
            Add/Edit Document
            </summary>
            <param name="command"></param>
            <returns>Status 200 OK</returns>
        </member>
        <member name="M:NetCabManager.Server.Controllers.Utilities.Misc.DocumentsController.Delete(System.Int32)">
            <summary>
            Delete a Document
            </summary>
            <param name="id"></param>
            <returns>Status 200 OK</returns>
        </member>
        <member name="M:NetCabManager.Server.Controllers.Utilities.Misc.DocumentTypesController.GetAll">
            <summary>
            Get All Document Types
            </summary>
            <returns>Status 200 OK</returns>
        </member>
        <member name="M:NetCabManager.Server.Controllers.Utilities.Misc.DocumentTypesController.GetById(System.Int32)">
            <summary>
            Get Document Type By Id
            </summary>
            <param name="id"></param>
            <returns>Status 200 Ok</returns>
        </member>
        <member name="M:NetCabManager.Server.Controllers.Utilities.Misc.DocumentTypesController.Post(NetCabManager.Application.Features.DocumentTypes.Commands.AddEdit.AddEditDocumentTypeCommand)">
            <summary>
            Create/Update a Document Type
            </summary>
            <param name="command"></param>
            <returns>Status 200 OK</returns>
        </member>
        <member name="M:NetCabManager.Server.Controllers.Utilities.Misc.DocumentTypesController.Delete(System.Int32)">
            <summary>
            Delete a Document Type
            </summary>
            <param name="id"></param>
            <returns>Status 200 OK</returns>
        </member>
        <member name="M:NetCabManager.Server.Controllers.Utilities.Misc.DocumentTypesController.Export(System.String)">
            <summary>
            Search Document Types and Export to Excel
            </summary>
            <param name="searchString"></param>
            <returns></returns>
        </member>
        <member name="M:NetCabManager.Server.Controllers.Utilities.PreferencesController.ChangeLanguageAsync(System.String)">
            <summary>
            Change Language Preference
            </summary>
            <param name="languageCode"></param>
            <returns>Status 200 OK</returns>
        </member>
        <member name="M:NetCabManager.Server.Controllers.v1.DashboardController.GetDataAsync">
            <summary>
            Get Dashboard Data
            </summary>
            <returns>Status 200 OK </returns>
        </member>
    </members>
</doc>
